{
  "minecraft:recipes/misc/charcoal": {
    "criteria": {
      "has_log": "2024-10-26 22:50:38 +0000"
    },
    "done": true
  },
  "minecraft:recipes/building_blocks/oak_planks": {
    "criteria": {
      "has_log": "2024-10-26 22:50:38 +0000"
    },
    "done": true
  },
  "minecraft:recipes/building_blocks/oak_wood": {
    "criteria": {
      "has_log": "2024-10-26 22:50:38 +0000"
    },
    "done": true
  },
  "minecraft:adventure/adventuring_time": {
    "criteria": {
      "minecraft:forest": "2024-10-26 22:50:26 +0000",
      "minecraft:plains": "2024-10-26 22:52:10 +0000"
    },
    "done": false
  },
  "DataVersion": 2230
}